ecg_id,patient_id,age,sex,device,report,scp_codes,heart_axis,infarction_stadium1,infarction_stadium2,validated_by_human,baseline_drift,static_noise,burst_noise,electrodes_problems,extra_beats,pacemaker,filename_lr,filename_hr,filter_method,sampling_rate,r_peaks,mean_rr,rr_std,heart_rate,min_rr,max_rr,invalid_rr_count,status
1,15709.0,56.0,1,CS-12   E,sinusrhythmus periphere niederspannung,"{'NORM': 100.0, 'LVOLT': 0.0, 'SR': 0.0}",,,,True,," , I-V1,  ",,,,,records100/00000/00001_lr,records500/00000/00001_hr,raw,100,11,0.9390000000000001,0.018138357147217024,63.897763578274756,0.91,0.97,0,SUCCESS
1,15709.0,56.0,1,CS-12   E,sinusrhythmus periphere niederspannung,"{'NORM': 100.0, 'LVOLT': 0.0, 'SR': 0.0}",,,,True,," , I-V1,  ",,,,,records100/00000/00001_lr,records500/00000/00001_hr,butterworth,100,11,0.9390000000000001,0.018138357147217024,63.897763578274756,0.91,0.97,0,SUCCESS
1,15709.0,56.0,1,CS-12   E,sinusrhythmus periphere niederspannung,"{'NORM': 100.0, 'LVOLT': 0.0, 'SR': 0.0}",,,,True,," , I-V1,  ",,,,,records100/00000/00001_lr,records500/00000/00001_hr,chebyshev1,100,11,0.9390000000000001,0.018138357147217024,63.897763578274756,0.91,0.97,0,SUCCESS
1,15709.0,56.0,1,CS-12   E,sinusrhythmus periphere niederspannung,"{'NORM': 100.0, 'LVOLT': 0.0, 'SR': 0.0}",,,,True,," , I-V1,  ",,,,,records100/00000/00001_lr,records500/00000/00001_hr,chebyshev2,100,11,0.9390000000000001,0.018138357147217024,63.897763578274756,0.91,0.97,0,SUCCESS
2,13243.0,19.0,0,CS-12   E,sinusbradykardie sonst normales ekg,"{'NORM': 80.0, 'SBRAD': 0.0}",,,,True,,,,,,,records100/00000/00002_lr,records500/00000/00002_hr,raw,100,8,1.2771428571428571,0.07105617208826227,46.97986577181208,1.16,1.37,0,SUCCESS
2,13243.0,19.0,0,CS-12   E,sinusbradykardie sonst normales ekg,"{'NORM': 80.0, 'SBRAD': 0.0}",,,,True,,,,,,,records100/00000/00002_lr,records500/00000/00002_hr,butterworth,100,8,1.2771428571428571,0.07105617208826227,46.97986577181208,1.16,1.37,0,SUCCESS
2,13243.0,19.0,0,CS-12   E,sinusbradykardie sonst normales ekg,"{'NORM': 80.0, 'SBRAD': 0.0}",,,,True,,,,,,,records100/00000/00002_lr,records500/00000/00002_hr,chebyshev1,100,8,1.2771428571428571,0.07105617208826227,46.97986577181208,1.16,1.37,0,SUCCESS
2,13243.0,19.0,0,CS-12   E,sinusbradykardie sonst normales ekg,"{'NORM': 80.0, 'SBRAD': 0.0}",,,,True,,,,,,,records100/00000/00002_lr,records500/00000/00002_hr,chebyshev2,100,8,1.2785714285714287,0.07159979477795245,46.927374301675975,1.16,1.37,0,SUCCESS
3,20372.0,37.0,1,CS-12   E,sinusrhythmus normales ekg,"{'NORM': 100.0, 'SR': 0.0}",,,,True,,,,,,,records100/00000/00003_lr,records500/00000/00003_hr,raw,100,11,0.944,0.02154065922853799,63.55932203389831,0.91,0.98,0,SUCCESS
3,20372.0,37.0,1,CS-12   E,sinusrhythmus normales ekg,"{'NORM': 100.0, 'SR': 0.0}",,,,True,,,,,,,records100/00000/00003_lr,records500/00000/00003_hr,butterworth,100,11,0.944,0.02154065922853799,63.55932203389831,0.91,0.98,0,SUCCESS
3,20372.0,37.0,1,CS-12   E,sinusrhythmus normales ekg,"{'NORM': 100.0, 'SR': 0.0}",,,,True,,,,,,,records100/00000/00003_lr,records500/00000/00003_hr,chebyshev1,100,11,0.944,0.02154065922853799,63.55932203389831,0.91,0.98,0,SUCCESS
3,20372.0,37.0,1,CS-12   E,sinusrhythmus normales ekg,"{'NORM': 100.0, 'SR': 0.0}",,,,True,,,,,,,records100/00000/00003_lr,records500/00000/00003_hr,chebyshev2,100,11,0.944,0.02154065922853799,63.55932203389831,0.91,0.98,0,SUCCESS
4,17014.0,24.0,0,CS-12   E,sinusrhythmus normales ekg,"{'NORM': 100.0, 'SR': 0.0}",,,,True," , II,III,AVF",,,,,,records100/00000/00004_lr,records500/00000/00004_hr,raw,100,13,0.7991666666666667,0.04172495922373348,75.07820646506778,0.72,0.88,0,SUCCESS
4,17014.0,24.0,0,CS-12   E,sinusrhythmus normales ekg,"{'NORM': 100.0, 'SR': 0.0}",,,,True," , II,III,AVF",,,,,,records100/00000/00004_lr,records500/00000/00004_hr,butterworth,100,13,0.7991666666666667,0.04172495922373348,75.07820646506778,0.72,0.88,0,SUCCESS
4,17014.0,24.0,0,CS-12   E,sinusrhythmus normales ekg,"{'NORM': 100.0, 'SR': 0.0}",,,,True," , II,III,AVF",,,,,,records100/00000/00004_lr,records500/00000/00004_hr,chebyshev1,100,13,0.7991666666666667,0.04172495922373348,75.07820646506778,0.72,0.88,0,SUCCESS
4,17014.0,24.0,0,CS-12   E,sinusrhythmus normales ekg,"{'NORM': 100.0, 'SR': 0.0}",,,,True," , II,III,AVF",,,,,,records100/00000/00004_lr,records500/00000/00004_hr,chebyshev2,100,13,0.7991666666666667,0.04172495922373348,75.07820646506778,0.72,0.88,0,SUCCESS
5,17448.0,19.0,1,CS-12   E,sinusrhythmus normales ekg,"{'NORM': 100.0, 'SR': 0.0}",,,,True," , III,AVR,AVF",,,,,,records100/00000/00005_lr,records500/00000/00005_hr,raw,100,11,0.9049999999999999,0.04904079934095691,66.29834254143647,0.83,0.98,0,SUCCESS
5,17448.0,19.0,1,CS-12   E,sinusrhythmus normales ekg,"{'NORM': 100.0, 'SR': 0.0}",,,,True," , III,AVR,AVF",,,,,,records100/00000/00005_lr,records500/00000/00005_hr,butterworth,100,11,0.9049999999999999,0.04904079934095691,66.29834254143647,0.83,0.98,0,SUCCESS
5,17448.0,19.0,1,CS-12   E,sinusrhythmus normales ekg,"{'NORM': 100.0, 'SR': 0.0}",,,,True," , III,AVR,AVF",,,,,,records100/00000/00005_lr,records500/00000/00005_hr,chebyshev1,100,11,0.9049999999999999,0.04904079934095691,66.29834254143647,0.83,0.98,0,SUCCESS
5,17448.0,19.0,1,CS-12   E,sinusrhythmus normales ekg,"{'NORM': 100.0, 'SR': 0.0}",,,,True," , III,AVR,AVF",,,,,,records100/00000/00005_lr,records500/00000/00005_hr,chebyshev2,100,11,0.9049999999999999,0.04904079934095691,66.29834254143647,0.83,0.98,0,SUCCESS
6,19005.0,18.0,1,CS-12   E,sinusrhythmus normales ekg,"{'NORM': 100.0, 'SR': 0.0}",,,,True," , V1",,,,,,records100/00000/00006_lr,records500/00000/00006_hr,raw,100,13,0.7216666666666667,0.0355512150128359,83.14087759815243,0.66,0.77,0,SUCCESS
6,19005.0,18.0,1,CS-12   E,sinusrhythmus normales ekg,"{'NORM': 100.0, 'SR': 0.0}",,,,True," , V1",,,,,,records100/00000/00006_lr,records500/00000/00006_hr,butterworth,100,13,0.7216666666666667,0.0355512150128359,83.14087759815243,0.66,0.77,0,SUCCESS
6,19005.0,18.0,1,CS-12   E,sinusrhythmus normales ekg,"{'NORM': 100.0, 'SR': 0.0}",,,,True," , V1",,,,,,records100/00000/00006_lr,records500/00000/00006_hr,chebyshev1,100,13,0.7216666666666667,0.0355512150128359,83.14087759815243,0.66,0.77,0,SUCCESS
6,19005.0,18.0,1,CS-12   E,sinusrhythmus normales ekg,"{'NORM': 100.0, 'SR': 0.0}",,,,True," , V1",,,,,,records100/00000/00006_lr,records500/00000/00006_hr,chebyshev2,100,13,0.7216666666666667,0.036247605284885916,83.14087759815243,0.66,0.77,0,SUCCESS
7,16193.0,54.0,0,CS-12   E,"sinusrhythmus linkstyp t abnormal, wahrscheinlich    inferiorer myokardschaden qt-verlÄngerung","{'NORM': 100.0, 'SR': 0.0}",LAD,,,True,,,,,,,records100/00000/00007_lr,records500/00000/00007_hr,raw,100,10,0.9677777777777776,0.013146843962443604,61.997703788748574,0.95,0.99,0,SUCCESS
7,16193.0,54.0,0,CS-12   E,"sinusrhythmus linkstyp t abnormal, wahrscheinlich    inferiorer myokardschaden qt-verlÄngerung","{'NORM': 100.0, 'SR': 0.0}",LAD,,,True,,,,,,,records100/00000/00007_lr,records500/00000/00007_hr,butterworth,100,10,0.9677777777777776,0.015475986974649036,61.997703788748574,0.95,1.0,0,SUCCESS
7,16193.0,54.0,0,CS-12   E,"sinusrhythmus linkstyp t abnormal, wahrscheinlich    inferiorer myokardschaden qt-verlÄngerung","{'NORM': 100.0, 'SR': 0.0}",LAD,,,True,,,,,,,records100/00000/00007_lr,records500/00000/00007_hr,chebyshev1,100,10,0.9677777777777776,0.015475986974649036,61.997703788748574,0.95,1.0,0,SUCCESS
7,16193.0,54.0,0,CS-12   E,"sinusrhythmus linkstyp t abnormal, wahrscheinlich    inferiorer myokardschaden qt-verlÄngerung","{'NORM': 100.0, 'SR': 0.0}",LAD,,,True,,,,,,,records100/00000/00007_lr,records500/00000/00007_hr,chebyshev2,100,10,0.9677777777777776,0.015475986974649036,61.997703788748574,0.95,1.0,0,SUCCESS
8,11275.0,48.0,0,CS-12   E,sinusrhythmus linkstyp qrs(t) abnormal    inferiorer infarkt     alter unbest.,"{'IMI': 35.0, 'ABQRS': 0.0, 'SR': 0.0}",LAD,unknown,,True," , II,AVF"," , I-AVF,  ",,,,,records100/00000/00008_lr,records500/00000/00008_hr,raw,100,12,0.8136363636363637,0.014937887931959043,73.74301675977652,0.79,0.84,0,SUCCESS
8,11275.0,48.0,0,CS-12   E,sinusrhythmus linkstyp qrs(t) abnormal    inferiorer infarkt     alter unbest.,"{'IMI': 35.0, 'ABQRS': 0.0, 'SR': 0.0}",LAD,unknown,,True," , II,AVF"," , I-AVF,  ",,,,,records100/00000/00008_lr,records500/00000/00008_hr,butterworth,100,12,0.8136363636363637,0.013666633071248067,73.74301675977652,0.79,0.84,0,SUCCESS
8,11275.0,48.0,0,CS-12   E,sinusrhythmus linkstyp qrs(t) abnormal    inferiorer infarkt     alter unbest.,"{'IMI': 35.0, 'ABQRS': 0.0, 'SR': 0.0}",LAD,unknown,,True," , II,AVF"," , I-AVF,  ",,,,,records100/00000/00008_lr,records500/00000/00008_hr,chebyshev1,100,12,0.8136363636363637,0.013666633071248067,73.74301675977652,0.79,0.84,0,SUCCESS
8,11275.0,48.0,0,CS-12   E,sinusrhythmus linkstyp qrs(t) abnormal    inferiorer infarkt     alter unbest.,"{'IMI': 35.0, 'ABQRS': 0.0, 'SR': 0.0}",LAD,unknown,,True," , II,AVF"," , I-AVF,  ",,,,,records100/00000/00008_lr,records500/00000/00008_hr,chebyshev2,100,12,0.8136363636363637,0.014316377952748717,73.74301675977652,0.79,0.84,0,SUCCESS
9,18792.0,55.0,0,CS-12   E,sinusrhythmus normales ekg,"{'NORM': 100.0, 'SR': 0.0}",,,,True,," , I-AVR,  ",,,,,records100/00000/00009_lr,records500/00000/00009_hr,raw,100,10,0.9866666666666668,0.03197221015541813,60.8108108108108,0.92,1.03,0,SUCCESS
9,18792.0,55.0,0,CS-12   E,sinusrhythmus normales ekg,"{'NORM': 100.0, 'SR': 0.0}",,,,True,," , I-AVR,  ",,,,,records100/00000/00009_lr,records500/00000/00009_hr,butterworth,100,10,0.9866666666666668,0.03299831645537222,60.8108108108108,0.92,1.03,0,SUCCESS
9,18792.0,55.0,0,CS-12   E,sinusrhythmus normales ekg,"{'NORM': 100.0, 'SR': 0.0}",,,,True,," , I-AVR,  ",,,,,records100/00000/00009_lr,records500/00000/00009_hr,chebyshev1,100,10,0.9866666666666668,0.03299831645537222,60.8108108108108,0.92,1.03,0,SUCCESS
9,18792.0,55.0,0,CS-12   E,sinusrhythmus normales ekg,"{'NORM': 100.0, 'SR': 0.0}",,,,True,," , I-AVR,  ",,,,,records100/00000/00009_lr,records500/00000/00009_hr,chebyshev2,100,10,0.9866666666666668,0.03299831645537222,60.8108108108108,0.92,1.03,0,SUCCESS
10,9456.0,22.0,1,CS-12   E,sinusrhythmus normales ekg,"{'NORM': 100.0, 'SR': 0.0}",,,,True,,,,,,,records100/00000/00010_lr,records500/00000/00010_hr,raw,100,11,0.9380000000000001,0.07180529228406496,63.96588486140725,0.8,1.01,0,SUCCESS
10,9456.0,22.0,1,CS-12   E,sinusrhythmus normales ekg,"{'NORM': 100.0, 'SR': 0.0}",,,,True,,,,,,,records100/00000/00010_lr,records500/00000/00010_hr,butterworth,100,11,0.9380000000000001,0.07180529228406496,63.96588486140725,0.8,1.01,0,SUCCESS
10,9456.0,22.0,1,CS-12   E,sinusrhythmus normales ekg,"{'NORM': 100.0, 'SR': 0.0}",,,,True,,,,,,,records100/00000/00010_lr,records500/00000/00010_hr,chebyshev1,100,11,0.9380000000000001,0.07180529228406496,63.96588486140725,0.8,1.01,0,SUCCESS
10,9456.0,22.0,1,CS-12   E,sinusrhythmus normales ekg,"{'NORM': 100.0, 'SR': 0.0}",,,,True,,,,,,,records100/00000/00010_lr,records500/00000/00010_hr,chebyshev2,100,11,0.9380000000000001,0.07180529228406496,63.96588486140725,0.8,1.01,0,SUCCESS
11,11243.0,20.0,1,CS-12   E,sinus arrhythmie sonst normales ekg,"{'NORM': 80.0, 'SARRH': 0.0}",,,,True," , II-AVL,AVF"," , I-AVL,  ",,,,,records100/00000/00011_lr,records500/00000/00011_hr,raw,100,11,0.89,0.0872926113711808,67.41573033707866,0.74,1.02,0,SUCCESS
11,11243.0,20.0,1,CS-12   E,sinus arrhythmie sonst normales ekg,"{'NORM': 80.0, 'SARRH': 0.0}",,,,True," , II-AVL,AVF"," , I-AVL,  ",,,,,records100/00000/00011_lr,records500/00000/00011_hr,butterworth,100,11,0.89,0.08854377448471464,67.41573033707866,0.74,1.03,0,SUCCESS
11,11243.0,20.0,1,CS-12   E,sinus arrhythmie sonst normales ekg,"{'NORM': 80.0, 'SARRH': 0.0}",,,,True," , II-AVL,AVF"," , I-AVL,  ",,,,,records100/00000/00011_lr,records500/00000/00011_hr,chebyshev1,100,11,0.89,0.08854377448471464,67.41573033707866,0.74,1.03,0,SUCCESS
11,11243.0,20.0,1,CS-12   E,sinus arrhythmie sonst normales ekg,"{'NORM': 80.0, 'SARRH': 0.0}",,,,True," , II-AVL,AVF"," , I-AVL,  ",,,,,records100/00000/00011_lr,records500/00000/00011_hr,chebyshev2,100,11,0.89,0.08854377448471464,67.41573033707866,0.74,1.03,0,SUCCESS
12,11031.0,43.0,1,CS-12   E,sinusbradykardie sonst normales ekg,"{'NORM': 80.0, 'SBRAD': 0.0}",,,,True,,,,,,,records100/00000/00012_lr,records500/00000/00012_hr,raw,100,9,1.21625,0.12103072956898178,49.331963001027745,0.93,1.35,0,SUCCESS
12,11031.0,43.0,1,CS-12   E,sinusbradykardie sonst normales ekg,"{'NORM': 80.0, 'SBRAD': 0.0}",,,,True,,,,,,,records100/00000/00012_lr,records500/00000/00012_hr,butterworth,100,9,1.21625,0.12103072956898178,49.331963001027745,0.93,1.35,0,SUCCESS
12,11031.0,43.0,1,CS-12   E,sinusbradykardie sonst normales ekg,"{'NORM': 80.0, 'SBRAD': 0.0}",,,,True,,,,,,,records100/00000/00012_lr,records500/00000/00012_hr,chebyshev1,100,8,1.2214285714285713,0.1285555545756188,49.12280701754386,0.93,1.35,0,SUCCESS
12,11031.0,43.0,1,CS-12   E,sinusbradykardie sonst normales ekg,"{'NORM': 80.0, 'SBRAD': 0.0}",,,,True,,,,,,,records100/00000/00012_lr,records500/00000/00012_hr,chebyshev2,100,9,1.21625,0.12103072956898178,49.331963001027745,0.93,1.35,0,SUCCESS
13,19953.0,58.0,1,CS-12   E,sinusrhythmus normales ekg,"{'NORM': 100.0, 'SR': 0.0}",,,,True,," , I-AVR,  ",,,,,records100/00000/00013_lr,records500/00000/00013_hr,raw,100,14,0.7599999999999999,0.01961161351381842,78.94736842105264,0.71,0.79,0,SUCCESS
13,19953.0,58.0,1,CS-12   E,sinusrhythmus normales ekg,"{'NORM': 100.0, 'SR': 0.0}",,,,True,," , I-AVR,  ",,,,,records100/00000/00013_lr,records500/00000/00013_hr,butterworth,100,14,0.7599999999999999,0.01961161351381842,78.94736842105264,0.71,0.79,0,SUCCESS
13,19953.0,58.0,1,CS-12   E,sinusrhythmus normales ekg,"{'NORM': 100.0, 'SR': 0.0}",,,,True,," , I-AVR,  ",,,,,records100/00000/00013_lr,records500/00000/00013_hr,chebyshev1,100,14,0.7599999999999999,0.01961161351381842,78.94736842105264,0.71,0.79,0,SUCCESS
13,19953.0,58.0,1,CS-12   E,sinusrhythmus normales ekg,"{'NORM': 100.0, 'SR': 0.0}",,,,True,," , I-AVR,  ",,,,,records100/00000/00013_lr,records500/00000/00013_hr,chebyshev2,100,14,0.7599999999999999,0.01961161351381842,78.94736842105264,0.71,0.79,0,SUCCESS
14,12925.0,19.0,1,CS-12   E,sinusrhythmus normales ekg,"{'NORM': 100.0, 'SR': 0.0}",,,,True,,,,,,,records100/00000/00014_lr,records500/00000/00014_hr,raw,100,12,0.8072727272727274,0.06453905217926854,74.32432432432432,0.72,0.9,0,SUCCESS
14,12925.0,19.0,1,CS-12   E,sinusrhythmus normales ekg,"{'NORM': 100.0, 'SR': 0.0}",,,,True,,,,,,,records100/00000/00014_lr,records500/00000/00014_hr,butterworth,100,12,0.8072727272727274,0.06453905217926854,74.32432432432432,0.72,0.9,0,SUCCESS
14,12925.0,19.0,1,CS-12   E,sinusrhythmus normales ekg,"{'NORM': 100.0, 'SR': 0.0}",,,,True,,,,,,,records100/00000/00014_lr,records500/00000/00014_hr,chebyshev1,100,12,0.8072727272727274,0.06453905217926854,74.32432432432432,0.72,0.9,0,SUCCESS
14,12925.0,19.0,1,CS-12   E,sinusrhythmus normales ekg,"{'NORM': 100.0, 'SR': 0.0}",,,,True,,,,,,,records100/00000/00014_lr,records500/00000/00014_hr,chebyshev2,100,12,0.8072727272727274,0.06453905217926854,74.32432432432432,0.72,0.9,0,SUCCESS
15,13375.0,17.0,1,CS-12   E,sinus arrhythmie sonst normales ekg,"{'NORM': 100.0, 'SARRH': 0.0}",,,,True,," , I-AVR,  ",,,1ES,,records100/00000/00015_lr,records500/00000/00015_hr,raw,100,10,0.9877777777777779,0.08816370855501054,60.74240719910011,0.79,1.09,0,SUCCESS
15,13375.0,17.0,1,CS-12   E,sinus arrhythmie sonst normales ekg,"{'NORM': 100.0, 'SARRH': 0.0}",,,,True,," , I-AVR,  ",,,1ES,,records100/00000/00015_lr,records500/00000/00015_hr,butterworth,100,10,0.9877777777777779,0.08816370855501054,60.74240719910011,0.79,1.09,0,SUCCESS
15,13375.0,17.0,1,CS-12   E,sinus arrhythmie sonst normales ekg,"{'NORM': 100.0, 'SARRH': 0.0}",,,,True,," , I-AVR,  ",,,1ES,,records100/00000/00015_lr,records500/00000/00015_hr,chebyshev1,100,10,0.9877777777777779,0.08816370855501054,60.74240719910011,0.79,1.09,0,SUCCESS
15,13375.0,17.0,1,CS-12   E,sinus arrhythmie sonst normales ekg,"{'NORM': 100.0, 'SARRH': 0.0}",,,,True,," , I-AVR,  ",,,1ES,,records100/00000/00015_lr,records500/00000/00015_hr,chebyshev2,100,10,0.9877777777777779,0.08816370855501054,60.74240719910011,0.79,1.09,0,SUCCESS
16,10999.0,49.0,0,CS-12   E,sinusrhythmus normales ekg,"{'NORM': 100.0, 'SR': 0.0}",,,,True," , V1",,,,,,records100/00000/00016_lr,records500/00000/00016_hr,raw,100,14,0.73,0.03328201177351374,82.19178082191782,0.67,0.77,0,SUCCESS
16,10999.0,49.0,0,CS-12   E,sinusrhythmus normales ekg,"{'NORM': 100.0, 'SR': 0.0}",,,,True," , V1",,,,,,records100/00000/00016_lr,records500/00000/00016_hr,butterworth,100,14,0.73,0.03328201177351374,82.19178082191782,0.67,0.77,0,SUCCESS
16,10999.0,49.0,0,CS-12   E,sinusrhythmus normales ekg,"{'NORM': 100.0, 'SR': 0.0}",,,,True," , V1",,,,,,records100/00000/00016_lr,records500/00000/00016_hr,chebyshev1,100,14,0.73,0.03328201177351374,82.19178082191782,0.67,0.77,0,SUCCESS
16,10999.0,49.0,0,CS-12   E,sinusrhythmus normales ekg,"{'NORM': 100.0, 'SR': 0.0}",,,,True," , V1",,,,,,records100/00000/00016_lr,records500/00000/00016_hr,chebyshev2,100,14,0.73,0.03351233986275687,82.19178082191782,0.66,0.77,0,SUCCESS
17,13619.0,56.0,0,CS-12   E,vorhof:hf  280 tachykardes vorhofflimmern ueberdrehter linkstyp qrs(t) abnormal    inferiorer infarkt     alter unbest.,"{'AFLT': 100.0, 'ABQRS': 0.0, 'AFIB': 0.0}",ALAD,unknown,,True,," , alles,  ",,,,,records100/00000/00017_lr,records500/00000/00017_hr,raw,100,25,0.3954166666666666,0.045090572431742554,151.73867228661751,0.32,0.44,0,SUCCESS
17,13619.0,56.0,0,CS-12   E,vorhof:hf  280 tachykardes vorhofflimmern ueberdrehter linkstyp qrs(t) abnormal    inferiorer infarkt     alter unbest.,"{'AFLT': 100.0, 'ABQRS': 0.0, 'AFIB': 0.0}",ALAD,unknown,,True,," , alles,  ",,,,,records100/00000/00017_lr,records500/00000/00017_hr,butterworth,100,25,0.3954166666666666,0.045090572431742554,151.73867228661751,0.32,0.44,0,SUCCESS
17,13619.0,56.0,0,CS-12   E,vorhof:hf  280 tachykardes vorhofflimmern ueberdrehter linkstyp qrs(t) abnormal    inferiorer infarkt     alter unbest.,"{'AFLT': 100.0, 'ABQRS': 0.0, 'AFIB': 0.0}",ALAD,unknown,,True,," , alles,  ",,,,,records100/00000/00017_lr,records500/00000/00017_hr,chebyshev1,100,25,0.3954166666666666,0.045182884542219685,151.73867228661751,0.32,0.44,0,SUCCESS
17,13619.0,56.0,0,CS-12   E,vorhof:hf  280 tachykardes vorhofflimmern ueberdrehter linkstyp qrs(t) abnormal    inferiorer infarkt     alter unbest.,"{'AFLT': 100.0, 'ABQRS': 0.0, 'AFIB': 0.0}",ALAD,unknown,,True,," , alles,  ",,,,,records100/00000/00017_lr,records500/00000/00017_hr,chebyshev2,100,25,0.3954166666666666,0.045090572431742554,151.73867228661751,0.32,0.44,0,SUCCESS
18,13619.0,56.0,0,CS-12   E,"vorhofflattern 2:1 Überleitung,jetzt nach isoptin 2amp+ 1 amp digitalis teilweise 3:1 .vorhof:ca. hf:265 linkstyp st-senkung ii  iii avf  v4-v6  bei tachycardie",{'AFLT': 100.0},LAD,,,True,," , alles,  ",,,,,records100/00000/00018_lr,records500/00000/00018_hr,raw,100,22,0.4652380952380953,0.05770359794171852,128.96622313203684,0.43,0.63,0,SUCCESS
18,13619.0,56.0,0,CS-12   E,"vorhofflattern 2:1 Überleitung,jetzt nach isoptin 2amp+ 1 amp digitalis teilweise 3:1 .vorhof:ca. hf:265 linkstyp st-senkung ii  iii avf  v4-v6  bei tachycardie",{'AFLT': 100.0},LAD,,,True,," , alles,  ",,,,,records100/00000/00018_lr,records500/00000/00018_hr,butterworth,100,22,0.4652380952380953,0.05770359794171852,128.96622313203684,0.43,0.63,0,SUCCESS
18,13619.0,56.0,0,CS-12   E,"vorhofflattern 2:1 Überleitung,jetzt nach isoptin 2amp+ 1 amp digitalis teilweise 3:1 .vorhof:ca. hf:265 linkstyp st-senkung ii  iii avf  v4-v6  bei tachycardie",{'AFLT': 100.0},LAD,,,True,," , alles,  ",,,,,records100/00000/00018_lr,records500/00000/00018_hr,chebyshev1,100,22,0.4652380952380953,0.05770359794171852,128.96622313203684,0.43,0.63,0,SUCCESS
18,13619.0,56.0,0,CS-12   E,"vorhofflattern 2:1 Überleitung,jetzt nach isoptin 2amp+ 1 amp digitalis teilweise 3:1 .vorhof:ca. hf:265 linkstyp st-senkung ii  iii avf  v4-v6  bei tachycardie",{'AFLT': 100.0},LAD,,,True,," , alles,  ",,,,,records100/00000/00018_lr,records500/00000/00018_hr,chebyshev2,100,22,0.4652380952380953,0.056367759074124536,128.96622313203684,0.43,0.63,0,SUCCESS
19,11116.0,20.0,0,CS-12   E,sinusrhythmus p-verbreiterung,"{'NORM': 100.0, 'SR': 0.0}",,,,True,,,,,,,records100/00000/00019_lr,records500/00000/00019_hr,raw,100,10,1.0444444444444445,0.08486736201745912,57.44680851063829,0.92,1.16,0,SUCCESS
19,11116.0,20.0,0,CS-12   E,sinusrhythmus p-verbreiterung,"{'NORM': 100.0, 'SR': 0.0}",,,,True,,,,,,,records100/00000/00019_lr,records500/00000/00019_hr,butterworth,100,10,1.0444444444444445,0.08486736201745912,57.44680851063829,0.92,1.16,0,SUCCESS
19,11116.0,20.0,0,CS-12   E,sinusrhythmus p-verbreiterung,"{'NORM': 100.0, 'SR': 0.0}",,,,True,,,,,,,records100/00000/00019_lr,records500/00000/00019_hr,chebyshev1,100,10,1.0444444444444445,0.08486736201745912,57.44680851063829,0.92,1.16,0,SUCCESS
19,11116.0,20.0,0,CS-12   E,sinusrhythmus p-verbreiterung,"{'NORM': 100.0, 'SR': 0.0}",,,,True,,,,,,,records100/00000/00019_lr,records500/00000/00019_hr,chebyshev2,100,10,1.0444444444444445,0.08486736201745912,57.44680851063829,0.92,1.16,0,SUCCESS
20,13619.0,56.0,0,CS-12   E,supraventrikulÄre ersatzsystole(n) interponierte supraventrikulÄre extrasystole(n) supraventrikulÄre tachykardie linkstyp rechtsschenkelblock qrs(t) abnormal    inferiorer infarkt     alter unbest.,"{'AFLT': 100.0, 'ABQRS': 0.0}",LAD,unknown,,True,,,,,VES,,records100/00000/00020_lr,records500/00000/00020_hr,raw,100,23,0.4295454545454545,0.005622416762205907,139.6825396825397,0.42,0.44,0,SUCCESS
20,13619.0,56.0,0,CS-12   E,supraventrikulÄre ersatzsystole(n) interponierte supraventrikulÄre extrasystole(n) supraventrikulÄre tachykardie linkstyp rechtsschenkelblock qrs(t) abnormal    inferiorer infarkt     alter unbest.,"{'AFLT': 100.0, 'ABQRS': 0.0}",LAD,unknown,,True,,,,,VES,,records100/00000/00020_lr,records500/00000/00020_hr,butterworth,100,23,0.4295454545454545,0.005622416762205907,139.6825396825397,0.42,0.44,0,SUCCESS
20,13619.0,56.0,0,CS-12   E,supraventrikulÄre ersatzsystole(n) interponierte supraventrikulÄre extrasystole(n) supraventrikulÄre tachykardie linkstyp rechtsschenkelblock qrs(t) abnormal    inferiorer infarkt     alter unbest.,"{'AFLT': 100.0, 'ABQRS': 0.0}",LAD,unknown,,True,,,,,VES,,records100/00000/00020_lr,records500/00000/00020_hr,chebyshev1,100,23,0.4295454545454545,0.005622416762205907,139.6825396825397,0.42,0.44,0,SUCCESS
20,13619.0,56.0,0,CS-12   E,supraventrikulÄre ersatzsystole(n) interponierte supraventrikulÄre extrasystole(n) supraventrikulÄre tachykardie linkstyp rechtsschenkelblock qrs(t) abnormal    inferiorer infarkt     alter unbest.,"{'AFLT': 100.0, 'ABQRS': 0.0}",LAD,unknown,,True,,,,,VES,,records100/00000/00020_lr,records500/00000/00020_hr,chebyshev2,100,23,0.4295454545454545,0.005622416762205907,139.6825396825397,0.42,0.44,0,SUCCESS
